id,name,phone,nationalId,agency,prizeWon
1,"John Smith","0901000001","123456789001","Đất xanh Bắc Trung Bộ",""
2,"Jane Doe","0901000002","123456789002","Cenland Bắc Trung Bộ",""
3,"Mike Johnson","0901000003","123456789003","Bhomes",""
4,"Sarah Wilson","0901000004","123456789004","Tân Long",""
5,"David Brown","0901000005","123456789005","Fivestar",""
6,"Lisa Davis","0901000006","123456789006","Hoàng Huy NT",""
7,"Robert Miller","0901000007","123456789007","Âu Lạc Land",""
8,"Emily Taylor","0901000008","123456789008","City Homes",""
9,"William Anderson","0901000009","123456789009","Xứ Nghệ homes",""
10,"Jessica Thomas","0901000010","123456789010","SVLand",""
11,"Christopher Jackson","0901000011","123456789011","RealLand",""
12,"Amanda White","0901000012","123456789012","Aura Realty",""
13,"Matthew Harris","0901000013","123456789013","Titan Luxury",""
14,"Ashley Martin","0901000014","123456789014","MT group",""
15,"Daniel Thompson","0901000015","123456789015","New Sky Land",""
16,"Michelle Garcia","0901000016","123456789016","Fuji Land",""
17,"James Martinez","0901000017","123456789017","Haka Holding",""
18,"Nicole Robinson","0901000018","123456789018","Phú Lâm",""
19,"Andrew Clark","0901000019","123456789019","GC Land",""
20,"Samantha Rodriguez","0901000020","123456789020","Đất xanh Bắc Trung Bộ",""
21,"Joshua Lewis","0901000021","123456789021","Cenland Bắc Trung Bộ",""
22,"Rachel Lee","0901000022","123456789022","Bhomes",""
23,"Brian Walker","0901000023","123456789023","Tân Long",""
24,"Stephanie Hall","0901000024","123456789024","Fivestar",""
25,"Kevin Allen","0901000025","123456789025","Hoàng Huy NT",""
26,"Lauren Young","0901000026","123456789026","Âu Lạc Land",""
27,"Ryan Hernandez","0901000027","123456789027","City Homes",""
28,"Megan King","0901000028","123456789028","Xứ Nghệ homes",""
29,"Brandon Wright","0901000029","123456789029","SVLand",""
30,"Kayla Lopez","0901000030","123456789030","RealLand",""
31,"Tyler Hill","0901000031","123456789031","Aura Realty",""
32,"Brittany Scott","0901000032","123456789032","Titan Luxury",""
33,"Austin Green","0901000033","123456789033","MT group",""
34,"Danielle Adams","0901000034","123456789034","New Sky Land",""
35,"Jacob Baker","0901000035","123456789035","Fuji Land",""
36,"Alexis Gonzalez","0901000036","123456789036","Haka Holding",""
37,"Nicholas Nelson","0901000037","123456789037","Phú Lâm",""
38,"Courtney Carter","0901000038","123456789038","GC Land",""
39,"Sean Mitchell","0901000039","123456789039","Đất xanh Bắc Trung Bộ",""
40,"Vanessa Perez","0901000040","123456789040","Cenland Bắc Trung Bộ",""
41,"Cody Roberts","0901000041","123456789041","Bhomes",""
42,"Jacqueline Turner","0901000042","123456789042","Tân Long",""
43,"Marcus Phillips","0901000043","123456789043","Fivestar",""
44,"Crystal Campbell","0901000044","123456789044","Hoàng Huy NT",""
45,"Nathan Parker","0901000045","123456789045","Âu Lạc Land",""
46,"Sierra Evans","0901000046","123456789046","City Homes",""
47,"Eric Edwards","0901000047","123456789047","Xứ Nghệ homes",""
48,"Jasmine Collins","0901000048","123456789048","SVLand",""
49,"Cameron Stewart","0901000049","123456789049","RealLand",""
50,"Destiny Sanchez","0901000050","123456789050","Aura Realty",""
51,"Cole Morris","0901000051","123456789051","Titan Luxury",""
52,"Paige Rogers","0901000052","123456789052","MT group",""
53,"Caleb Reed","0901000053","123456789053","New Sky Land",""
54,"Jenna Cook","0901000054","123456789054","Fuji Land",""
55,"Ian Morgan","0901000055","123456789055","Haka Holding",""
56,"Mackenzie Bell","0901000056","123456789056","Phú Lâm",""
57,"Trevor Murphy","0901000057","123456789057","GC Land",""
58,"Haley Bailey","0901000058","123456789058","Đất xanh Bắc Trung Bộ",""
59,"Gavin Rivera","0901000059","123456789059","Cenland Bắc Trung Bộ",""
60,"Maya Cooper","0901000060","123456789060","Bhomes",""
61,"Hunter Richardson","0901000061","123456789061","Tân Long",""
62,"Kaitlyn Cox","0901000062","123456789062","Fivestar",""
63,"Blake Howard","0901000063","123456789063","Hoàng Huy NT",""
64,"Leah Ward","0901000064","123456789064","Âu Lạc Land",""
65,"Connor Torres","0901000065","123456789065","City Homes",""
66,"Gabrielle Peterson","0901000066","123456789066","Xứ Nghệ homes",""
67,"Devon Gray","0901000067","123456789067","SVLand",""
68,"Savannah Ramirez","0901000068","123456789068","RealLand",""
69,"Chase James","0901000069","123456789069","Aura Realty",""
70,"Brooke Watson","0901000070","123456789070","Titan Luxury",""
71,"Landon Brooks","0901000071","123456789071","MT group",""
72,"Taylor Kelly","0901000072","123456789072","New Sky Land",""
73,"Peyton Sanders","0901000073","123456789073","Fuji Land",""
74,"Katelyn Price","0901000074","123456789074","Haka Holding",""
75,"Mason Bennett","0901000075","123456789075","Phú Lâm",""
76,"Sydney Wood","0901000076","123456789076","GC Land",""
77,"Logan Barnes","0901000077","123456789077","Đất xanh Bắc Trung Bộ",""
78,"Jordyn Ross","0901000078","123456789078","Cenland Bắc Trung Bộ",""
79,"Ethan Henderson","0901000079","123456789079","Bhomes",""
80,"Mariah Coleman","0901000080","123456789080","Tân Long",""
81,"Parker Jenkins","0901000081","123456789081","Fivestar",""
82,"Jocelyn Perry","0901000082","123456789082","Hoàng Huy NT",""
83,"Ashton Powell","0901000083","123456789083","Âu Lạc Land",""
84,"Skylar Long","0901000084","123456789084","City Homes","giai-nhat"
85,"Bryce Patterson","0901000085","123456789085","Xứ Nghệ homes",""
86,"Autumn Hughes","0901000086","123456789086","SVLand",""
87,"Tristan Flores","0901000087","123456789087","RealLand",""
88,"Isabel Washington","0901000088","123456789088","Aura Realty",""
89,"Zachary Butler","0901000089","123456789089","Titan Luxury",""
90,"Layla Simmons","0901000090","123456789090","MT group",""
91,"Dominic Foster","0901000091","123456789091","New Sky Land",""
92,"Ariana Gonzales","0901000092","123456789092","Fuji Land",""
93,"Jaden Bryant","0901000093","123456789093","Haka Holding",""
94,"Kendall Alexander","0901000094","123456789094","Phú Lâm",""
95,"Xavier Russell","0901000095","123456789095","GC Land",""
96,"Kylie Griffin","0901000096","123456789096","Đất xanh Bắc Trung Bộ",""
97,"Julian Diaz","0901000097","123456789097","Cenland Bắc Trung Bộ",""
98,"Melody Hayes","0901000098","123456789098","Bhomes",""
99,"Owen Myers","0901000099","123456789099","Tân Long",""
100,"Natalie Ford","0901000100","123456789100","Fivestar",""