1;CONG TY CO PHAN VK FARM HOLDINGS;;;;;;;
2;CTCP CN & DT AN PHAT;;;;;;;
3;CTY CP YHB ECO VINA;;;;;;;
4;CTY CP TM VA DV THIEN PHUC HUNG;;;;;;;
5;CTY CP THIET KE LUC GIAC;;;;;;;
6;CTY TNHH TM&DV SIB VIET NAM;;;;;;;
7;CONG TY TNHH THIET BI CONG NGHE BINH MINH;;;;;;;
8;CONG TY CO PHAN EC;;;;;;;
9;CONG TY CO PHAN CONG NGHE PHU THANH;;;;;;;
10;CTY TNHH XUAT NHAP KHAU THUAN PHAT;;;;;;;
11;CTCP DAU TU VA XAY DUNG SO 34;;;;;;;
12;CONG TY CO PHAN SAN XUAT HAVITECH;;;;;;;
13;CONG TY TNHH QUOC TE VIET NAM AN DO;;;;;;;
14;CTY CP XNK IMTEX VIET NAM;;;;;;;
15;CTY TNHH CN VA TM NHAT ANH;;;;;;;
16;CT TNHH SAN XUAT LAP RAP TUAN NGHIA;;;;;;;
17;CTCP DV KY THUAT CONG NGHIEP HOA CHAT;;;;;;;
18;CTY CP IN HONG HA;;;;;;;
19;CONG TY TNHH YONGBEE VINA;;;;;;;
20;CONG TY CPDTTM VA XDPT THAI BINH DUONG;;;;;;;
21;CTCP THANG MAY FUJIALPHA;;;;;;;
22;CONG TY TNHH KHOANG SAN TRI DUNG;;;;;;;
23;CONG TY TNHH THIET BI PCCC VU HOANG;;;;;;;
24;CTCP THUC PHAM CAO CAP NAM THAI;;;;;;;
25;CTY CP DATYSO VIET NAM;;;;;;;
26;CTY TNHH TM VA PT CONG NGHE THANH AN;;;;;;;
27;CTCP DAU TU VA THUONG MAI MEC VIET NAM;;;;;;;
28;CTCP CONG NGHIEP VA TM PHUONG BAC;;;;;;;
29;CTY TNHH TM VA DV CONG NGHE MOI VIET MY;;;;;;;
30;CONG TY CP DT CONG NGHE NGOI SAO CHAU A;;;;;;;
31;CONG TY CP KY THUAT NHIET LANH HANTHUCO;;;;;;;
32;CONG TY TNHH DUOC PHAM STABLED;;;;;;;
33;CTY CP TM & DT CONG NGHE ANH EM;;;;;;;
34;CTY CP CONG NGHE CYBER EYE;;;;;;;
35;CONG TY CO PHAN SOLAR VIET NAM;;;;;;;
36;CTY TNHH THUC PHAM H.E.R.O;;;;;;;
37;CTCP DT VA CONG NGHE BAC HA;;;;;;;
38;CONG TY TNHH QUOC MINH;;;;;;;
39;CTCP THUONG MAI VA DU LICH TAM NHIN VIET;;;;;;;
40;CTY CP XUAT NHAP KHAU 4GS VIET NAM;;;;;;;
41;CTY TNHH DICH VU NHAN LUC DU LICH QUOC TE;;;;;;;
42;CTY TNHH SXKD KIM NGAN;;;;;;;
43;CONG TY CO PHAN DNC GLOBAL;;;;;;;
44;CTY CP TMDV& DT PHUONG ANH;;;;;;;
45;CONG TY TNHH DUOC PHAM THE ANH;;;;;;;
46;CONG TY TNHH DUOC PHAM THUAN ANH;;;;;;;
47;CTCP GIAO NHAN QT TAM NHIN MOI;;;;;;;
48;CONG TY CO PHAN APES;;;;;;;
49;CTY CP GIAI PHAP QUA TANG MAISON LUXURY;;;;;;;
50;CT TNHH TM VA DV VU QUYNH;;;;;;;
51;CONG TY CO PHAN DU LICH VA SU KIEN NEXTUS;;;;;;;
52;CONG TY TNHH DUOC PHAM BACH GIA;;;;;;;
53;CTY CP KY THUAT VA XD ALPHA;;;;;;;
54;CTCP POPPLIFE;;;;;;;
55;CTY TNHH VAN TAI VA XAY DUNG ANH DUC;;;;;;;
56;CTY CP XD VA TM QAT VIET NAM;;;;;;;
57;CTCP TM VA DV HA MINH;;;;;;;
58;CTY TNHH ARI VIET NAM;;;;;;;
59;CTY CP PHAT TRIEN XAY DUNG & TM THANH PHAT;;;;;;;
60;CTY CP DICH VU THUONG MAI TRUONG MINH;;;;;;;
61;CTY TNHH HANTEKOM;;;;;;;
62;CTY CP THIET KE VA XAY DUNG CONG TRINH QUOC TE THANG LONG;;;;;;;
63;CÔNG TY CỔ PHẦN PME;;;;;;;
64;CONG TY TNHH TU VAN DTXD CUONG THINH;;;;;;;
65;CONG TY CO PHAN VSI;;;;;;;
66;CT TNHH TM TONG HOP MEGA VIET NAM;;;;;;;
67;CONG TY TNHH XAY DUNG KET CAU TRUONG PHONG;;;;;;;
68;Công ty TNHH Đầu tư Kinh doanh Gia Bách;;;;;;;
69;CONG TY TNHH LUCENTIS;;;;;;;
70;TRẦN THÁI THU;;;;;;;
71;NGUYỄN HOÀNG MINH;;;;;;;
72;LÊ THANH ĐẠM;;;;;;;
73;NGUYỄN THANH NGA;;;;;;;
74;TRẦN QUANG TỚI;;;;;;;
75;PHẠM THỊ HIỀN;;;;;;;
76;NGUYỄN HOÀNG VÂN;;;;;;;
77;PHẠM THỊ THU THỦY;;;;;;;
78;DƯƠNG MẠNH CƯỜNG;;;;;;;
79;PHẠM THỊ OANH;;;;;;;
80;TRỊNH TRUNG HIẾU;;;;;;;
81;TRẦN THỊ HƯƠNG;;;;;;;
82;VŨ NGỌC SƠN;;;;;;;
83;NGUYỄN THỊ THẮNG;;;;;;;
84;HOÀNG THỊ HUYỀN;;;;;;;
85;DANG THI MEN;;;;;;;
86;NGUYEN MINH PHUONG;;;;;;;
87;PHAM THI HONG NHUNG;;;;;;;
88;TRAN VAN HIEN;;;;;;;
89;NGUYEN MINH ANH;;;;;;;
90;Nguyễn Thị Thanh Hà;;;;;;;
91;Chu Văn Toản;;;;;;;
92;Lại Thu Trà;;;;;;;
93;Đồng Thị Thu;;;;;;;
94;Le Hoang Son;;;;;;;
95;Nguyễn Thị Thanh Hà;;;;;;;
96;Trần Anh Đức;;;;;;;
97;Nguyễn Tuấn Anh;;;;;;;
98;Đinh Hải Quang;;;;;;;
99;Nguyễn thị ngọc Anh;;;;;;;
100;Đỗ Thùy Dung;;;;;;;
101;Nguyễn Thị Lan Anh;;;;;;;
102;Nguyễn Kim Hào;;;;;;;
103;Nguyễn Bá Hào;;;;;;;
104;Trần Thị Vân Nga;;;;;;;
105;Công nam phương;;;;;;;
106;Đào Mỹ Hạnh;;;;;;;
107;Vũ Đức Bình;;;;;;;
108;Nguyễn Hồng Nhung;;;;;;;
109;Nguyễn Thu Hằng;;;;;;;
110;Vũ Quang Long;;;;;;;
111;NGUYỄN THỊ THƠ;;;;;;;
112;NGUYỄN TIẾN DŨNG;;;;;;;
113;NGUYỄN XUÂN HÀ KHÁNH;;;;;;;
114;HỒ VĂN TIẾN;;;;;;;
115;NGUYỄN KIỀU NHI;;;;;;;
116;NGUYỄN ĐỨC TRUNG;;;;;;;
117;NGUYỄN THỊ THU HIỀN;;;;;;;
118;VY THỊ HƯƠNG LY;;;;;;;
119;NGUYỄN THÀNH TRUNG;;;;;;;
120;LÊ ĐỨC TUẤN;;;;;;;
121;NGUYỄN THỊ HẠNH;;;;;;;
122;NGUYỄN VĂN LINH;;;;;;;
123;NGUYEN SINH QUAN;;;;;;;
124;PHẠM THỊ BÍCH NGỌC;;;;;;;
125;NGUYỄN MINH TUẤN;;;;;;;
126;BÙI VĂN PHÚC;;;;;;;
127;TRẦN THỊ HƯƠNG GIANG;;;;;;;
128;VŨ THỊ KIM OANH;;;;;;;
129;CHU THỊ LAM;;;;;;;
130;DIỆU THỊ HOA MAI;;;;;;;
131;TRẦN TUỆ LINH;;;;;;;
132;LÊ THANH HÙNG;;;;;;;
133;PHAN THỊ ĐÔNG;;;;;;;
134;CAO ĐÌNH TIẾN;;;;;;;
135;NGUYỄN VĂN THỨC;;;;;;;
136;TRẦN NGUYÊN BÌNH;;;;;;;
137;NGUYỄN THỊ THU PHƯƠNG;;;;;;;
138;ĐÀO MỸ HẠNH;;;;;;;
139;DƯƠNG NGỌC BẮC;;;;;;;
140;NGUYỄN KIM ANH;;;;;;;
141;NGUYỄN THỊ THÙY LINH;;;;;;;
142;PHẠM VĂN TÂM;;;;;;;
143;VŨ THỊ VÂN ANH;;;;;;;
144;VŨ THỊ HUYỀN TRANG;;;;;;;
145;LÊ KIẾN QUỐC;;;;;;;
146;NGUYỄN HẢI YẾN;;;;;;;
147;TRẦN TIẾN ĐẠT;;;;;;;
148;KHIẾU HỮU THANH;;;;;;;
149;LÊ BÁ CƯỜNG;;;;;;;
150;NGUYỄN THỊ KIM TÚ;;;;;;;
151;Nguyễn Quốc Trung;;;;;;;
152;DENTWIN MEDICAL SUPPLY JSC;;;;;;;
153;NGUYỄN THỊ THÙY DƯƠNG;;;;;;;
154;CÔNG TY CỔ PHẦN MÁY VÀ THIẾT BỊ PHỤ TÙNG CÔNG NGHIỆP P.M.G;;;;;;;
155;CÔNG TY CỔ PHẦN THƯƠNG MẠI VÀ PHÁT TRIỂN XÂY DỰNG HOÀNG ANH;;;;;;;
156;CÔNG TY CỔ PHẦN TƯ VẤN CÔNG NGHỆ VÀ XUẤT NHẬP KHẨU LINKERVN;;;;;;;
157;CÔNG TY TNHH THANH CHƯƠNG;;;;;;;
158;CÔNG TY CỔ PHẦN MIKADO;;;;;;;
159;CÔNG TY CỔ PHẦN KIẾN TRÚC HIGHEND;;;;;;;
160;Đỗ Thị Hạnh;;;;;;;
161;Đỗ Thị Hạnh;;;;;;;
162;Trần Hồng Vân;;;;;;;
163;CÔNG TY CỔ PHẦN VITELEK;;;;;;;
164;CÔNG TY CỔ PHẦN ECOTECK VIỆT NAM;;;;;;;
165;CÔNG TY TNHH GIA VỊ PHÁT TRIỂN;;;;;;;
166;CÔNG TY ĐẦU TƯ KINH DOANH BẤT ĐỘNG SẢN THÀNH AN 171;;;;;;;
167;CÔNG TY CỔ PHẦN CÔNG NGHỆ RENET;;;;;;;
168;CÔNG TY TNHH THƯƠNG MẠI DỊCH VỤ THỰC PHẨM AN HÀ;;;;;;;
169;VŨ DUY LINH;;;;;;;
170;PHẠM THU THẢO;;;;;;;
171;NGUYỄN LÊ THANH;;;;;;;
172;ĐINH THỊ NGA;;;;;;;
173;TRẦN HOÀI THU;;;;;;;
174;TRẦN THÙY CHI;;;;;;;
175;NGUYỄN ĐỨC QUANG;;;;;;;
176;NGUYỄN BÍCH THÀNH;;;;;;;
177;PHẠM VĂN PHÚC;;;;;;;
178;ĐỖ THỊ HẠNH;;;;;;;
179;TRẦN HỒNG VÂN;;;;;;;
180;CÔNG TY TNHH SẢN XUẤT VÀ THƯƠNG MẠI BẢO QUANG;;;;;;;
181;CÔNG TY TNHH PHÂN PHỐI CÔNG NGHỆ VÀ DỊCH VỤ MỚI RỒNG VIỆT;;;;;;;
182;LÊ ĐỨC THIỆN;;;;;;;
183;NGUYỄN THẾ KHẢI;;;;;;;
184;PHẠM ANH QUÂN;;;;;;;
185;ĐÀO TRỌNG HIỀN;;;;;;;
186;NGUYỄN THỊ THU HẰNG;;;;;;;
187;TÔ PHƯƠNG ANH;;;;;;;
188;PHẠM THỊ PHƯƠNG LOAN;;;;;;;
189;NGUYỄN THANH NGA;;;;;;;
190;NGUYỄN THỊ CHINH;;;;;;;
191;CÔNG TY CỔ PHẦN CÁ SẠCH VIỆT NAM;;;;;;;
192;CÔNG TY CỔ PHẦN VTAD VIỆT NAM;;;;;;;
;;;;;;;;